{
  "project_info": {
    "project_number": "329740204608",
    "project_id": "efarm-d7950",
    "storage_bucket": "efarm-d7950.appspot.com"
  },
  "client": [
    {
      "client_info": {
        "mobilesdk_app_id": "1:329740204608:android:f3d6a2a9d52e4be1ed3da5",
        "android_client_info": {
          "package_name": "com.example.e_farm"
        }
      },
      "oauth_client": [
        {
          "client_id": "329740204608-he26s4forljgegu7k5liondo3vnvjo6i.apps.googleusercontent.com",
          "client_type": 1,
          "android_info": {
            "package_name": "com.example.e_farm",
            "certificate_hash": "a7cde767672812edcd4f894c4bbf025768fb324c"
          }
        },
        {
          "client_id": "329740204608-5mau8p5apud72qaj52fu7v7bs3d4p3h5.apps.googleusercontent.com",
          "client_type": 3
        }
      ],
      "api_key": [
        {
          "current_key": "AIzaSyCgnYBgbZkyWpxfniV5aKJbqQNkDOJdsJw"
        }
      ],
      "services": {
        "appinvite_service": {
          "other_platform_oauth_client": [
            {
              "client_id": "329740204608-5mau8p5apud72qaj52fu7v7bs3d4p3h5.apps.googleusercontent.com",
              "client_type": 3
            }
          ]
        }
      }
    }
  ],
  "configuration_version": "1"
}